INSERT INTO security_policy (uuid, oid, name, is_public, can_override) VALUES (X'5AC073EA5931C848BBCB741911D91CD2', '1.3.6.1.4.1.33349.3.1.5.9.2.0', 'Access Administrative Function', 0,0);
INSERT INTO security_policy (uuid, oid, name, is_public, can_override) VALUES (X'CFC10AD86E3D9F42A4A088C0BBBC839D', '1.3.6.1.4.1.33349.3.1.5.9.2.0.1', 'Change Password', 0,0);
INSERT INTO security_policy (uuid, oid, name, is_public, can_override) VALUES (X'AC650D9C3E61674A8BC65CE2C0B42160', '1.3.6.1.4.1.33349.3.1.5.9.2.0.2', 'Create Role', 0,0);
INSERT INTO security_policy (uuid, oid, name, is_public, can_override) VALUES (X'27C2BC79130DBF4FA83EF2B9FCE34151', '1.3.6.1.4.1.33349.3.1.5.9.2.0.3', 'Alter Role', 0,0);
INSERT INTO security_policy (uuid, oid, name, is_public, can_override) VALUES (X'CB4286ABE4289E4EBD7BD6DC72B729B2', '1.3.6.1.4.1.33349.3.1.5.9.2.0.4', 'Create Identity', 0,0);
INSERT INTO security_policy (uuid, oid, name, is_public, can_override) VALUES (X'AB965BD16C64004C9A58EA09EEE67D7C', '1.3.6.1.4.1.33349.3.1.5.9.2.1', 'Login', 0,0);
INSERT INTO security_policy (uuid, oid, name, is_public, can_override) VALUES (X'360384F6204EC04BB965BAA6D7C80BE3', '1.3.6.1.4.1.33349.3.1.5.9.2.2', 'Unrestricted Clinical Data', 0,0);
INSERT INTO security_policy (uuid, oid, name, is_public, can_override) VALUES (X'47AF1DB8A5175E46A5FD706B168B0265', '1.3.6.1.4.1.33349.3.1.5.9.2.2.0', 'Query Clinical Data', 0,0);
INSERT INTO security_policy (uuid, oid, name, is_public, can_override) VALUES (X'216927D778A0484395F2ED3CDE83E607', '1.3.6.1.4.1.33349.3.1.5.9.2.2.1', 'Write Clinical Data', 0,0);
INSERT INTO security_policy (uuid, oid, name, is_public, can_override) VALUES (X'EE7D022EE4ED3147B7FACB67AE0586BE', '1.3.6.1.4.1.33349.3.1.5.9.2.2.2', 'Delete Clinical Data', 0,0);
INSERT INTO security_policy (uuid, oid, name, is_public, can_override) VALUES (X'BF31B75F594E634880BD51757D58EA3B', '1.3.6.1.4.1.33349.3.1.5.9.2.2.3', 'Read Clinical Data', 0,0);
INSERT INTO security_policy (uuid, oid, name, is_public, can_override) VALUES (X'B3D3DE2A7D22594881B3C1EB2750067E', '1.3.6.1.4.1.33349.3.1.5.9.2.10', 'Local Administrator', 0,0);
INSERT INTO security_policy (uuid, oid, name, is_public, can_override) VALUES (X'22A9D01F24A7544A9A57010D48DC8A4C', '1.3.6.1.4.1.33349.3.1.5.9.2', 'Unrestricted All', 0,0);
INSERT INTO security_policy (uuid, oid, name, is_public, can_override) VALUES (X'A1E93CAB16059C4495A03E188D35EDEF', '1.3.6.1.4.1.33349.3.1.5.9.2.0.5', 'Create Device', 0,0);
INSERT INTO security_policy (uuid, oid, name, is_public, can_override) VALUES (X'50C79BE17913534DAB18ED67D269AFAD', '1.3.6.1.4.1.33349.3.1.5.9.2.0.6', 'Create Application', 0,0);
INSERT INTO security_policy (uuid, oid, name, is_public, can_override) VALUES (X'5110E75EE5B00A4BA9FE402EDC769731', '1.3.6.1.4.1.33349.3.1.5.9.2.0.7', 'Administer Concept Dictionary', 0,0);
INSERT INTO security_policy (uuid, oid, name, is_public, can_override) VALUES (X'A2B29AC5B69AEF4A8C1F60C4C0158DBB', '1.3.6.1.4.1.33349.3.1.5.9.2.0.8', 'Alter Identity', 0,0);
INSERT INTO security_policy (uuid, oid, name, is_public, can_override) VALUES (X'9AB16EF2D5E3884BA717A05CB67BEA34', '1.3.6.1.4.1.33349.3.1.5.9.2.0.9', 'Alter Policy', 0,0);
INSERT INTO security_policy (uuid, oid, name, is_public, can_override) VALUES (X'00DB8B3A72DDAD469535070794CC70B4', '1.3.6.1.4.1.33349.3.1.5.9.2.0.10', 'Administer Data Warehouse', 0,0);
INSERT INTO security_policy (uuid, oid, name, is_public, can_override) VALUES (X'7773370DB72F8D49BB0F6FA3D46A5B8C', '1.3.6.1.4.1.33349.3.1.5.9.2.1.0', 'Login as a Service', 0,0);
INSERT INTO security_policy (uuid, oid, name, is_public, can_override) VALUES (X'1401E1D4E814DF4E9B165D74564319F9', '1.3.6.1.4.1.33349.3.1.5.9.2.2.4', 'Export Clinical Data', 0,0);
INSERT INTO security_policy (uuid, oid, name, is_public, can_override) VALUES (X'ACB10C29583CBD48A2D261A7685C4E65', '1.3.6.1.4.1.33349.3.1.5.9.2.4.1.0', 'Write Materials', 0,0);
INSERT INTO security_policy (uuid, oid, name, is_public, can_override) VALUES (X'B7FD4EF611098042819D3F1E4A382E2E', '1.3.6.1.4.1.33349.3.1.5.9.2.4.1.1', 'Delete Materials', 0,0);
INSERT INTO security_policy (uuid, oid, name, is_public, can_override) VALUES (X'B53E8ECA9A881E49BEADE5C8F496015A', '1.3.6.1.4.1.33349.3.1.5.9.2.4.0.1.2', 'Read Materials', 0,0);
INSERT INTO security_policy (uuid, oid, name, is_public, can_override) VALUES (X'52BDFED68316FD4EBAC6BC7FAAB20EA5', '1.3.6.1.4.1.33349.3.1.5.9.2.4.0.1.3', 'Query Materials', 0,0);
INSERT INTO security_policy (uuid, oid, name, is_public, can_override) VALUES (X'2672A205BDE71441922966EC9DC5C359', '1.3.6.1.4.1.33349.3.1.5.9.2.4.2.0', 'Write Places & Orgs', 0,0);
INSERT INTO security_policy (uuid, oid, name, is_public, can_override) VALUES (X'66CF9F4539096C4EBAA335894280D28E', '1.3.6.1.4.1.33349.3.1.5.9.2.4.2.1', 'Delete Places & Orgs', 0,0);
INSERT INTO security_policy (uuid, oid, name, is_public, can_override) VALUES (X'21406C9063414F44854B4CD47C41A964', '1.3.6.1.4.1.33349.3.1.5.9.2.4.0.2.2', 'Read Places & Orgs', 0,0);
INSERT INTO security_policy (uuid, oid, name, is_public, can_override) VALUES (X'A04B230565F93B418F55A6A94DDBC0BF', '1.3.6.1.4.1.33349.3.1.5.9.2.4.0.2.3', 'Query Places & Orgs', 0,0);
INSERT INTO security_policy (uuid, oid, name, is_public, can_override) VALUES (X'AFC54F59A8E70445A8A33EEFC91310B5', '1.3.6.1.4.1.33349.3.1.5.9.2.4', 'Unrestricted Metadata', 0,0);
INSERT INTO security_policy (uuid, oid, name, is_public, can_override) VALUES (X'8895C70909B8AC4B95CF00559C75A2B4', '1.3.6.1.4.1.33349.3.1.5.9.2.4.0', 'Read Metadata', 0,0);
INSERT INTO security_policy (uuid, oid, name, is_public, can_override) VALUES (X'AF6491C9FCDEF240ADF7A99BDCCD14DB', '1.3.6.1.4.1.33349.3.1.5.9.2.5', 'Unrestricted Data Warehouse', 0,0);
INSERT INTO security_policy (uuid, oid, name, is_public, can_override) VALUES (X'EBD9E310038B084DA440E15CD75A5DFF', '1.3.6.1.4.1.33349.3.1.5.9.2.5.0', 'Write Warehouse Data', 0,0);
INSERT INTO security_policy (uuid, oid, name, is_public, can_override) VALUES (X'134281BC27403E43BD051C4D11ADFF72', '1.3.6.1.4.1.33349.3.1.5.9.2.5.1', 'Delete Warehouse Data', 0,0);
INSERT INTO security_policy (uuid, oid, name, is_public, can_override) VALUES (X'D4ABF9FECBAB004C99FF3B8CEF163574', '1.3.6.1.4.1.33349.3.1.5.9.2.5.2', 'Read Warehouse Data', 0,0);
INSERT INTO security_policy (uuid, oid, name, is_public, can_override) VALUES (X'EEAFC09240A56D49B6DB6479FA455F32', '1.3.6.1.4.1.33349.3.1.5.9.2.5.3', 'Query Warehouse Data', 0,0);
INSERT INTO security_policy (uuid, oid, name, is_public, can_override) VALUES (X'D0C2EF11B5DEBF449122F61A9B83A6F4', '1.3.6.1.4.1.33349.3.1.5.9.3', 'Restricted Information', 0,1);
INSERT INTO security_policy (uuid, oid, name, is_public, can_override) VALUES (X'A7FA0686B2B20F44B0F70A4D650E589B', '1.3.6.1.4.1.33349.3.1.5.9.2.999', 'Override Disclosure', 0,0);

-- CREATE USERS ROLE
INSERT INTO security_role (uuid, name, description) VALUES (X'E88AE5F4BD8B3546A6D48A195B143436', 'USERS', 'Group for users who have login access');
INSERT INTO security_role_policy (uuid, policy_id, role_id, grant_type) VALUES (X'AB965BD16C64004C9A58EFEBEEE67f7C', X'AB965BD16C64004C9A58EA09EEE67D7C', X'E88AE5F4BD8B3546A6D48A195B143436', 2);  -- GRANT Login

-- CREATE ADMINISTRATORS ROLE
INSERT INTO security_role (uuid, name, description) VALUES (X'1DBAD2F6B55BE341B7FB2EC32418B2E1', 'ADMINISTRATORS', 'Group for users who have administrative access');
INSERT INTO security_role_policy (uuid, policy_id, role_id, grant_type) VALUES (X'5AC073EA5931C848FEDB741911D91CD2', X'5AC073EA5931C848BBCB741911D91CD2', X'1DBAD2F6B55BE341B7FB2EC32418B2E1', 2);  --GRANT Access Administrative Function
INSERT INTO security_role_policy (uuid, policy_id, role_id, grant_type) VALUES (X'AB965BD16C64004C9F94EA09EEE67D7C', X'AB965BD16C64004C9A58EA09EEE67D7C', X'1DBAD2F6B55BE341B7FB2EC32418B2E1', 2); -- GRANT Login
INSERT INTO security_role_policy (uuid, policy_id, role_id, grant_type) VALUES (X'360384F6204EC04BB965FB36D7C80BE3', X'360384F6204EC04BB965BAA6D7C80BE3', X'1DBAD2F6B55BE341B7FB2EC32418B2E1', 0); -- DENY Unrestricted Clinical Data
INSERT INTO security_role_policy (uuid, policy_id, role_id, grant_type) VALUES (X'AA91A8DE4D22594881B3C1EF2320067E', X'A7FA0686B2B20F44B0F70A4D650E589B', X'1DBAD2F6B55BE341B7FB2EC32418B2E1', 0);  --DENY Override disclosure
INSERT INTO security_role_policy (uuid, policy_id, role_id, grant_type) VALUES (X'AB91A8DE4D22594881B3C1EF2320067E', X'B3D3DE2A7D22594881B3C1EB2750067E', X'1DBAD2F6B55BE341B7FB2EC32418B2E1', 2);  --GRANT Local Administrator
INSERT INTO security_role_policy (uuid, policy_id, role_id, grant_type) VALUES (X'FF91A8DE4D22594881B3C1EF2320067E', X'AFC54F59A8E70445A8A33EEFC91310B5', X'1DBAD2F6B55BE341B7FB2EC32418B2E1', 2);  --GRANT Local Administrator

-- CREATE LOCAL ADMINS
INSERT INTO security_role (uuid, name, description) VALUES (X'8DF6D7E8B55BE341B7FB2EC32418B2E1', 'LOCAL_ADMINISTRATORS', 'Group for users who have local administrative access');
INSERT INTO security_role_policy (uuid, policy_id, role_id, grant_type) VALUES (X'5AC073EA23423848FEDB741911D91CD2', X'5AC073EA5931C848BBCB741911D91CD2', X'8DF6D7E8B55BE341B7FB2EC32418B2E1', 0);  --DENY Access Administrative Function
INSERT INTO security_role_policy (uuid, policy_id, role_id, grant_type) VALUES (X'AB965BD16234242C9F94EA09EEE67D7C', X'AB965BD16C64004C9A58EA09EEE67D7C', X'8DF6D7E8B55BE341B7FB2EC32418B2E1', 2); -- GRANT Login
INSERT INTO security_role_policy (uuid, policy_id, role_id, grant_type) VALUES (X'AA91F8134234324881B3C1EF2320067E', X'B3D3DE2A7D22594881B3C1EB2750067E', X'8DF6D7E8B55BE341B7FB2EC32418B2E1', 2);  --GRANT Local Administrator

-- CREATE ROLE SYSTEM WHICH IS DENIED LOGIN
INSERT INTO security_role (uuid, name, description) VALUES (X'D221AEC323FC3341BA42B0E0A3B817D7', 'SYSTEM', 'Group for user SYSTEM. Identifies the functions that internal system functions have access to. EDITING THIS ROLE MAY CAUSE SYSTEM FAILURE');
INSERT INTO security_user_role (uuid, role_id, user_id) VALUES (X'D221AEC325847341BA42B0E0A3B817D7', X'D221AEC323FC3341BA42B0E0A3B817D7', X'76A0DCFA90366E4AAF9EF1CD68E8C7E8');
INSERT INTO security_role_policy (uuid, policy_id, role_id, grant_type) VALUES (X'5AC1254A5931C848BBCB741911D91CD2', X'22A9D01F24A7544A9A57010D48DC8A4C', X'D221AEC323FC3341BA42B0E0A3B817D7', 2); -- GRANT Access Administrative Function
INSERT INTO security_role_policy (uuid, policy_id, role_id, grant_type) VALUES (X'AB965BD14582F04C9A58EA09EEE67D7C', X'AB965BD16C64004C9A58EA09EEE67D7C', X'D221AEC323FC3341BA42B0E0A3B817D7', 0); -- DENY Login
INSERT INTO security_role_policy (uuid, policy_id, role_id, grant_type) VALUES (X'AA91A8DE4D22594881B3C1EBF3B4B2B1', X'A7FA0686B2B20F44B0F70A4D650E589B', X'D221AEC323FC3341BA42B0E0A3B817D7', 0); -- DENY Override disclosure

-- CREATE ROLE ANONYMOUS WHICH IS DENIED ALL CLINICAL 
INSERT INTO security_role (uuid, name, description) VALUES (X'58D8DBDAC513A344AD7D1C44CECAA4B6', 'ANONYMOUS', 'Group for user ANONYMOUS. Identifies the functions that nonlogged in users have access to. EDITING THIS ROLE MAY INTRODUCE SECURITY BREACHES');
INSERT INTO security_user_role (uuid, role_id, user_id) VALUES (X'58D8DBDAC513A344AD7D1C44CECAAFB3', X'58D8DBDAC513A344AD7D1C44CECAA4B6', X'F05968C93C0480448DABF69D6E86696C');
INSERT INTO security_role_policy (uuid, policy_id, role_id, grant_type) VALUES (X'5AC073EA5931C848BBCB7419115B43BC', X'5AC073EA5931C848BBCB741911D91CD2', X'58D8DBDAC513A344AD7D1C44CECAA4B6', 0);  -- DENYAccess Administrative Function
INSERT INTO security_role_policy (uuid, policy_id, role_id, grant_type) VALUES (X'AB965BD16C64004C9A58EA09EB3D7D7C', X'AB965BD16C64004C9A58EA09EEE67D7C', X'58D8DBDAC513A344AD7D1C44CECAA4B6', 0);  --DENY Login
INSERT INTO security_role_policy (uuid, policy_id, role_id, grant_type) VALUES (X'360384F624B3B2BBB965BAA6D7C80BE3', X'360384F6204EC04BB965BAA6D7C80BE3', X'58D8DBDAC513A344AD7D1C44CECAA4B6', 0);  --DENY Unrestricted Clinical Data
INSERT INTO security_role_policy (uuid, policy_id, role_id, grant_type) VALUES (X'AA91A8DE4D22594881B3C1EB2B4B3D2E', X'A7FA0686B2B20F44B0F70A4D650E589B', X'58D8DBDAC513A344AD7D1C44CECAA4B6', 0);  --DENY Override disclosure

INSERT INTO concept_relationship_type (uuid, name, mnemonic) VALUES (X'C2AF4D2C6A56AE419EBC3097D7D22F4A', 'Same as', 'SameAs');
INSERT INTO concept_relationship_type (uuid, name, mnemonic) VALUES (X'3D2927AD3C43754B88D2B5360CD95450', 'Inverse of', 'InverseOf');
INSERT INTO concept_relationship_type (uuid, name, mnemonic) VALUES (X'5BD459A1343C1B4E9B759193A7528CED', 'Member of', 'MemberOf');
INSERT INTO concept_relationship_type (uuid, name, mnemonic) VALUES (X'2F4F8BAE9F000D4EB35E5A89555C5947', 'Negation of', 'NegationOf');

-- Concept Classes
INSERT INTO concept_class (uuid, Name, Mnemonic) VALUES (X'5452FD17258CBB4AB246083FBE9AFA15','Classification Concept', 'ClassCode');
INSERT INTO concept_class (uuid, Name, Mnemonic) VALUES (X'8231B95419FCA24782C6089FD70A4F45', 'Status', 'Status');
INSERT INTO concept_class (uuid, Name, Mnemonic) VALUES (X'2297A9BBCE239A468FA510DEBA853D35', 'Mood', 'Mood');
INSERT INTO concept_class (uuid, Name, Mnemonic) VALUES (X'CDFD1DF59B031F4E90BE3CF56AEF8DA4', 'Relationship Type', 'Relationship');
INSERT INTO concept_class (uuid, Name, Mnemonic) VALUES (X'D300A9A87EA0024EB45F580D09BAF047', 'Route', 'Route');
INSERT INTO concept_class (uuid, Name, Mnemonic) VALUES (X'4793F61E03EFF74FB3C56334448845E6', 'Unit of Measure', 'UnitOfMeasure');
INSERT INTO concept_class (uuid, Name, Mnemonic) VALUES (X'39EACD92A3B95B4ABC88A6646C74240D', 'Diagnosis', 'Diagnosis');
INSERT INTO concept_class (uuid, Name, Mnemonic) VALUES (X'07E245E4A3601A409B81A8AC2479F4A6', 'Findings', 'Finding');
INSERT INTO concept_class (uuid, Name, Mnemonic) VALUES (X'E6F8D74BB8E4BC4D93A7CF14FBAF9700', 'Problem', 'Problem');
INSERT INTO concept_class (uuid, Name, Mnemonic) VALUES (X'32BC9CDCEAB84441BEF1DC618E28F4D7', 'Drug or other Material', 'Material');
INSERT INTO concept_class (uuid, Name, Mnemonic) VALUES (X'39346B0DBEC98044AF39EEB457C052D0', 'Other Classification', 'Other');
INSERT INTO concept_class (uuid, Name, Mnemonic) VALUES (X'4A30D8FFEC43BC4E95FCFB4A4F2338F0', 'Stock control codes', 'Stock');

-- CREATE LOCAL USERS ROLE
INSERT INTO security_role (uuid, name, description) VALUES (X'FE453FDE43DDA344AD7D1C44CECAA4B6', 'LOCAL_USERS', 'Group for users which only exist on this device');
INSERT INTO security_user_role (uuid, role_id, user_id) VALUES (X'EACC55F2AAF1544B922105E1104F3614', X'FE453FDE43DDA344AD7D1C44CECAA4B6', X'EACC55F2AAF1544B922105E1104F3614');
